{
    "refrigerator": {
        "proba": 1,
        "nb_proba": {
            "1": 0.8,
            "2": 0.17,
            "3": 0.03,
            "0": 0.0
        },
        "types_proba": {
            "A": 0.6666666666666666,
            "B": 0.06666666666666667,
            "C": 0.06666666666666667,
            "D": 0.08333333333333333,
            "E": 0.03333333333333333,
            "F": 0.03333333333333333,
            "G": 0.049999999999999996
        },
        "E_types": {
            "A": 40,
            "B": 50,
            "C": 63,
            "D": 79,
            "E": 100,
            "F": 125,
            "G": 160
        },
        "V_popu": {
            "1": 200,
            "2": 240,
            "3": 242,
            "4": 265,
            "5": 280
        },
        "cycle_length": 0.36666666666666664,
        "time_between_cycles": 1.5,
        "increase_power": 0.08333333333333333,
        "when": {
            "presence_state": [
                "awake",
                "asleep",
                "away"
            ]
        }
    },
    "TV": {
        "proba": 0.92,
        "nb_proba": {
            "1": 0.57,
            "2": 0.25,
            "3": 0.07,
            "4": 0.02,
            "5": 0.01,
            "0": 0.08
        },
        "types_proba": {
            "LCD_LED": 0.427860696517413,
            "LCD": 0.3482587064676617,
            "OLED": 0.11940298507462688,
            "Plasma": 0.07960199004975126,
            "Cathodique": 0.02487562189054727
        },
        "P_types": {
            "OLED": 100,
            "LCD_LED": 90,
            "LCD": 120,
            "Plasma": 400,
            "Cathodique": 100
        },
        "when": {
            "presence_state": [
                "awake"
            ],
            "proba_t": 0.7
        }
    },
    "congelateur": {
        "proba": 0.445,
        "nb_proba": {
            "1": 0.4,
            "2": 0.05,
            "3": 0.01,
            "0": 0.54
        },
        "types_proba": {
            "A": 0.6666666666666666,
            "B": 0.08333333333333333,
            "C": 0.08333333333333333,
            "D": 0.09999999999999999,
            "E": 0.06666666666666667
        },
        "E_types": {
            "A": 40,
            "B": 50,
            "C": 63,
            "D": 79,
            "E": 100,
            "F": 125,
            "G": 160
        },
        "V_popu": {
            "1": 160,
            "2": 220,
            "3": 220,
            "4": 220,
            "5": 230
        },
        "cycle_length": 0.36666666666666664,
        "time_between_cycles": 3,
        "when": {
            "presence_state": [
                "awake",
                "asleep",
                "away"
            ]
        }
    },
    "lighting": {
        "proba": 1,
        "types_proba": {
            "LED": 0.5,
            "Fluo": 0.14,
            "Incandescence": 0.13,
            "halogene": 0.23
        },
        "P_types": {
            "LED": 2.142857142857143,
            "Fluo": 4.285714285714286,
            "Incandescence": 25.0,
            "halogene": 13.636363636363637
        },
        "when": {
            "presence_state": [
                "awake"
            ],
            "where": "room",
            "moment": [
                "night"
            ]
        }
    },
    "plaque_electrique": {
        "proba": 0.4732,
        "energy_needed": 1200.0,
        "cycle_length": 0.5,
        "when": {
            "presence_state": [
                "awake"
            ],
            "where": "kitchen",
            "time": [
                [
                    12,
                    14,
                    0.5
                ],
                [
                    18,
                    22,
                    0.5
                ]
            ]
        }
    },
    "hoven": {
        "proba": 0.1,
        "E_types": {
            "A++ 50L": 380.0,
            "A+ 50L": 532.0,
            "A 50L": 684.0,
            "B 50L": 874,
            "C 50L": 1102.0,
            "D 50L": 1368.0,
            "A++ 70L": 422,
            "A+ 70L": 590.8,
            "A 70L": 759.6,
            "B 70L": 970.6,
            "C 70L": 1223.8,
            "D 70L": 1519.2
        },
        "types_proba": {
            "A++ 50L": 0.19145299145299147,
            "A+ 50L": 0.19145299145299147,
            "A 50L": 0.09572649572649573,
            "B 50L": 0.04786324786324787,
            "C 50L": 0.023931623931623933,
            "D 50L": 0.009572649572649573,
            "A++ 70L": 0.15042735042735042,
            "A+ 70L": 0.15042735042735042,
            "A 70L": 0.07521367521367521,
            "B 70L": 0.037606837606837605,
            "C 70L": 0.018803418803418803,
            "D 70L": 0.007521367521367522
        },
        "cycle_length": 0.5,
        "when": {
            "presence_state": [
                "awake"
            ],
            "where": "kitchen",
            "time": [
                [
                    12,
                    14,
                    0.3
                ],
                [
                    18,
                    22,
                    0.3
                ]
            ]
        }
    },
    "microwave": {
        "proba": 0.69,
        "cycle_length": 0.08333333333333333,
        "power": 700,
        "when": {
            "presence_state": [
                "awake"
            ],
            "where": "kitchen",
            "time": [
                [
                    6,
                    10,
                    0.2
                ],
                [
                    12,
                    14,
                    0.5
                ],
                [
                    18,
                    22,
                    0.5
                ]
            ]
        }
    },
    "boiler": {
        "proba": 0.9,
        "power": 1200,
        "cycle_length": 0.016666666666666666,
        "when": {
            "presence_state": [
                "awake"
            ],
            "where": "kitchen",
            "time": [
                [
                    6,
                    10,
                    0.7
                ],
                [
                    18,
                    22,
                    0.2
                ]
            ]
        }
    },
    "toaster": {
        "proba": 0.8,
        "power": 1000,
        "cycle_length": 0.08333333333333333,
        "when": {
            "presence_state": [
                "awake"
            ],
            "where": "kitchen",
            "time": [
                [
                    6,
                    10,
                    0.8
                ],
                [
                    12,
                    14,
                    0.3
                ]
            ]
        }
    },
    "washing_machine": {
        "proba": 0.87,
        "cap_popu": {
            "1": 6.8,
            "2": 7.25,
            "3": 7.7,
            "4": 8.2,
            "5": 8.75
        },
        "E_types": {
            "A+++": 60,
            "A++": 80,
            "A+": 90,
            "A": 95,
            "B": 100,
            "C": 110,
            "D": 120
        },
        "types_proba": {
            "A+++": 0.13636363636363635,
            "A++": 0.2727272727272727,
            "A+": 0.2727272727272727,
            "A": 0.13636363636363635,
            "B": 0.10909090909090909,
            "C": 0.03636363636363636,
            "D": 0.03636363636363636
        },
        "cycle_length": 3,
        "when": {
            "presence_state": [
                "awake"
            ],
            "spec": [
                "at start"
            ],
            "proba": 0.2857142857142857
        }
    },
    "dryer": {
        "proba": 0.25,
        "types_proba": {
            "A+++": 0.1487603305785124,
            "A++": 0.2644628099173554,
            "A+": 0.231404958677686,
            "A": 0.1322314049586777,