{
    "travels_length": {
        "1": [
            7.492601626016261,
            4.397304512238424
        ],
        "2": [
            5.101408659549229,
            2.958742365446222
        ],
        "3": [
            3.5057057057057057,
            1.720509324052716
        ],
        "4": [
            2.687938596491228,
            1.0256301649316257
        ],
        "5": [
            1.9283333333333332,
            0.9025621964820588
        ]
    },
    "power_by_capacity_length": {
        "1": {
            "0": [
                -24.261922185593463,
                64.28993735469234
            ],
            "1": [
                -4.554270066590337,
                9.729958252453198
            ],
            "2": [
                -2.6171550502114975,
                1.9738494877888952
            ],
            "3": [
                -5.258020024868464,
                6.416934771824549
            ],
            "4": [
                -8.586793771472614,
                6.316253339228569
            ],
            "5": [
                -0.424758422779209,
                0.7220341782825267
            ],
            "6": [
                -0.6111920009431515,
                0.8399340818402281
            ],
            "7": [
                -0.525599170323722,
                0.30939263904228614
            ],
            "8": [
                -0.840700791326258,
                0.7923461551008822
            ],
            "9": [
                -1.6736497079818011,
                3.2971080438567832
            ],
            "10": [
                -2.081723707401471,
                2.918779036056379
            ],
            "11": [
                -0.7829489513839994,
                0.8523187981941908
            ],
            "12": [
                0.0,
                0.0
            ],
            "13": [
                -0.3024742268041237,
                0.4277631538147073
            ],
            "14": [
                -1.945784224841342,
                3.3701971379912283
            ],
            "15": [
                0.0,
                NaN
            ],
            "16": [
                -0.7710912658817533,
                0.32544442578704635
            ],
            "17": [
                -0.1441117764471058,
                0.24960891877539507
            ],
            "18": [
                -0.7236768802228413,
                NaN
            ]
        },
        "2": {
            "0": [
                -24.261922185593463,
                64.28993735469234
            ],
            "1": [
                -4.554270066590337,
                9.729958252453198
            ],
            "2": [
                -2.6171550502114975,
                1.9738494877888952
            ],
            "3": [
                -5.258020024868464,
                6.416934771824549
            ],
            "4": [
                -8.586793771472614,
                6.316253339228569
            ],
            "5": [
                -0.424758422779209,
                0.7220341782825267
            ],
            "6": [
                -0.6111920009431515,
                0.8399340818402281
            ],
            "7": [
                -0.525599170323722,
                0.30939263904228614
            ],
            "8": [
                -0.840700791326258,
                0.7923461551008822
            ],
            "9": [
                -1.6736497079818011,
                3.2971080438567832
            ],
            "10": [
                -2.081723707401471,
                2.918779036056379
            ],
            "11": [
                -0.7829489513839994,
                0.8523187981941908
            ],
            "12": [
                0.0,
                0.0
            ],
            "13": [
                -0.3024742268041237,
                0.4277631538147073
            ],
            "14": [
                -1.945784224841342,
                3.3701971379912283
            ],
            "15": [
                0.0,
                NaN
            ],
            "16": [
                -0.7710912658817533,
                0.32544442578704635
            ],
            "17": [
                -0.1441117764471058,
                0.24960891877539507
            ],
            "18": [
                -0.7236768802228413,
                NaN
            ]
        },
        "3": {
            "0": [
                -24.261922185593463,
                64.28993735469234
            ],
            "1": [
                -4.554270066590337,
                9.729958252453198
            ],
            "2": [
                -2.6171550502114975,
                1.9738494877888952
            ],
            "3": [
                -5.258020024868464,
                6.416934771824549
            ],
            "4": [
                -8.586793771472614,
                6.316253339228569
            ],
            "5": [
                -0.424758422779209,
                0.7220341782825267
            ],
            "6": [
                -0.6111920009431515,
                0.8399340818402281
            ],
            "7": [
                -0.525599170323722,
                0.30939263904228614
            ],
            "8": [
                -0.840700791326258,
                0.7923461551008822
            ],
            "9": [
                -1.6736497079818011,
                3.2971080438567832
            ],
            "10": [
                -2.081723707401471,
                2.918779036056379
            ],
            "11": [
                -0.7829489513839994,
                0.8523187981941908
            ],
            "12": [
                0.0,
                0.0
            ],
            "13": [
                -0.3024742268041237,
                0.4277631538147073
            ],
            "14": [
                -1.945784224841342,
                3.3701971379912283
            ],
            "15": [
                0.0,
                NaN
            ],
            "16": [
                -0.7710912658817533,
                0.32544442578704635
            ],
            "17": [
                -0.1441117764471058,
                0.24960891877539507
            ],
            "18": [
                -0.7236768802228413,
                NaN
            ]
        },
        "4": {
            "0": [
                -24.261922185593463,
                64.28993735469234
            ],
            "1": [
                -4.554270066590337,
                9.729958252453198
            ],
            "2": [
                -2.6171550502114975,
                1.9738494877888952
            ],
            "3": [
                -5.258020024868464,
                6.416934771824549
            ],
            "4": [
                -8.586793771472614,
                6.316253339228569
            ],
            "5": [
                -0.424758422779209,
                0.7220341782825267
            ],
            "6": [
                -0.6111920009431515,
                0.8399340818402281
            ],
            "7": [
                -0.525599170323722,
                0.30939263904228614
            ],
            "8": [
                -0.840700791326258,
                0.7923461551008822
            ],
            "9": [
                -1.6736497079818011,
                3.2971080438567832
            ],
            "10": [
                -2.081723707401471,
                2.918779036056379
            ],
            "11": [
                -0.7829489513839994,
                0.8523187981941908
            ],
            "12": [
                0.0,
                0.0
            ],
            "13": [
                -0.3024742268041237,
                0.4277631538147073
            ],
            "14": [
                -1.945784224841342,
                3.3701971379912283
            ],