{
    "tpm6_we.npy": {
        "35": 0.1875,
        "36": 0.09375,
        "39": 0.0625,
        "42": 0.40625,
        "43": 0.0625,
        "44": 0.015625,
        "17": 0.03125,
        "22": 0.015625,
        "29": 0.0625,
        "30": 0.03125,
        "31": 0.03125
    },
    "tpm6_wd.npy": {
        "35": 0.15,
        "36": 0.1,
        "37": 0.05,
        "38": 0.05,
        "42": 0.425,
        "43": 0.1,
        "44": 0.05,
        "22": 0.025,
        "29": 0.025,
        "30": 0.025
    },
    "tpm4_we.npy": {
        "0": 0.0029411764705882353,
        "3": 0.0014705882352941176,
        "4": 0.008823529411764706,
        "5": 0.004411764705882353,
        "6": 0.008823529411764706,
        "7": 0.011764705882352941,
        "8": 0.008823529411764706,
        "9": 0.008823529411764706,
        "10": 0.01911764705882353,
        "11": 0.010294117647058823,
        "12": 0.039705882352941174,
        "13": 0.030882352941176472,
        "14": 0.007352941176470588,
        "15": 0.06470588235294118,
        "16": 0.07647058823529412,
        "17": 0.01764705882352941,
        "18": 0.014705882352941176,
        "20": 0.513235294117647,
        "21": 0.10882352941176471,
        "22": 0.029411764705882353,
        "23": 0.008823529411764706,
        "24": 0.0029411764705882353
    },
    "tpm4_wd.npy": {
        "4": 0.004,
        "5": 0.008,
        "8": 0.002,
        "10": 0.004,
        "11": 0.018,
        "12": 0.05,
        "13": 0.001,
        "14": 0.003,
        "15": 0.09,
        "16": 0.088,
        "17": 0.029,
        "18": 0.007,
        "20": 0.571,
        "21": 0.095,
        "22": 0.022,
        "23": 0.008
    },
    "tpm2_wd.npy": {
        "0": 0.009,
        "1": 0.005,
        "2": 0.008,
        "3": 0.05,
        "4": 0.049,
        "5": 0.009,
        "6": 0.753,
        "7": 0.08,
        "8": 0.037
    },
    "tpm2_we.npy": {
        "0": 0.013888888888888888,
        "1": 0.006944444444444444,
        "2": 0.03587962962962963,
        "3": 0.04050925925925926,
        "4": 0.047453703703703706,
        "5": 0.018518518518518517,
        "6": 0.6886574074074074,
        "7": 0.11574074074074074,
        "8": 0.032407407407407406
    },
    "tpm5_wd.npy": {
        "32": 0.06465517241379311,
        "35": 0.008620689655172414,
        "6": 0.004310344827586207,
        "7": 0.004310344827586207,
        "12": 0.01293103448275862,
        "14": 0.004310344827586207,
        "15": 0.034482758620689655,
        "18": 0.03017241379310345,
        "19": 0.03879310344827586,
        "20": 0.004310344827586207,
        "24": 0.09482758620689655,
        "25": 0.07758620689655173,
        "26": 0.02586206896551724,
        "27": 0.017241379310344827,
        "28": 0.03017241379310345,
        "30": 0.4482758620689655,
        "31": 0.09913793103448276
    },
    "tpm5_we.npy": {
        "0": 0.013888888888888888,
        "7": 0.009259259259259259,
        "8": 0.023148148148148147,
        "9": 0.009259259259259259,
        "13": 0.013888888888888888,
        "15": 0.004629629629629629,
        "18": 0.009259259259259259,
        "19": 0.032407407407407406,
        "20": 0.046296296296296294,
        "21": 0.05555555555555555,
        "23": 0.018518518518518517,
        "24": 0.041666666666666664,
        "25": 0.09722222222222222,
        "26": 0.041666666666666664,
        "27": 0.05092592592592592,
        "28": 0.018518518518518517,
        "30": 0.3611111111111111,
        "31": 0.09259259259259259,
        "32": 0.018518518518518517,
        "33": 0.027777777777777776,
        "35": 0.013888888888888888
    },
    "tpm1_we.npy": {
        "0": 0.040502793296089384,
        "1": 0.0782122905027933,
        "2": 0.7653631284916201,
        "3": 0.11592178770949721
    },
    "tpm1_wd.npy": {
        "0": 0.033,
        "1": 0.057,
        "2": 0.818,
        "3": 0.092
    },
    "tpm3_we.npy": {
        "0": 0.007177033492822967,
        "1": 0.0023923444976076554,
        "2": 0.004784688995215311,
        "3": 0.011961722488038277,
        "4": 0.0023923444976076554,
        "5": 0.009569377990430622,
        "6": 0.03110047846889952,
        "7": 0.007177033492822967,
        "8": 0.07416267942583732,
        "9": 0.1339712918660287,
        "10": 0.0215311004784689,
        "11": 0.011961722488038277,
        "12": 0.4904306220095694,
        "13": 0.11961722488038277,
        "14": 0.0645933014354067,
        "15": 0.007177033492822967
    },
    "tpm3_wd.npy": {
        "0": 0.006329113924050633,
        "1": 0.002109704641350211,
        "2": 0.002109704641350211,
        "3": 0.002109704641350211,
        "4": 0.002109704641350211,
        "5": 0.002109704641350211,
        "6": 0.0189873417721519,
        "8": 0.08860759493670886,
        "9": 0.09282700421940929,
        "10": 0.027426160337552744,
        "11": 0.004219409282700422,
        "12": 0.6054852320675106,
        "13": 0.10126582278481013,
        "14": 0.0379746835443038,
        "15": 0.006329113924050633
    }
}