{
    "tpm1_we.npy": [
        0.0388007054673721
    ],
    "tpm1_wd.npy": [
        0.0311398354876616
    ],
    "tpm2_we.npy": [
        0.0388007054673721,
        0.12110523221634328,
        0.8718400940623163,
        1.0000000000000004
    ],
    "tpm2_wd.npy": [
        0.0311398354876616,
        0.0828437132784959,
        0.8854289071680379,
        0.9999999999999999
    ],
    "tpm3_we.npy": [
        0.0388007054673721,
        0.12110523221634328,
        0.12110523221634328,
        0.8718400940623163,
        1.0000000000000004,
        1.0000000000000004,
        1.0000000000000004,
        1.0000000000000004,
        1.0000000000000004
    ],
    "tpm3_wd.npy": [
        0.0311398354876616,
        0.0828437132784959,
        0.0828437132784959,
        0.8854289071680379,
        0.9999999999999999,
        0.9999999999999999,
        0.9999999999999999,
        0.9999999999999999,
        0.9999999999999999
    ],
    "tpm4_we.npy": [
        0.0388007054673721,
        0.12110523221634328,
        0.12110523221634328,
        0.12110523221634328,
        0.8718400940623163,
        1.0000000000000004,
        1.0000000000000004,
        1.0000000000000004,
        1.0000000000000004,
        1.0000000000000004,
        1.0000000000000004,
        1.0000000000000004,
        1.0000000000000004,
        1.0000000000000004,
        1.0000000000000004,
        1.0000000000000004
    ],
    "tpm4_wd.npy": [
        0.0311398354876616,
        0.0828437132784959,
        0.0828437132784959,
        0.0828437132784959,
        0.8854289071680379,
        0.9999999999999999,
        0.9999999999999999,
        0.9999999999999999,
        0.9999999999999999,
        0.9999999999999999,
        0.9999999999999999,
        0.9999999999999999,
        0.9999999999999999,
        0.9999999999999999,
        0.9999999999999999,
        0.9999999999999999
    ],
    "tpm5_we.npy": [
        0.0388007054673721,
        0.12110523221634328,
        0.12110523221634328,
        0.12110523221634328,
        0.12110523221634328,
        0.8718400940623163,
        1.0000000000000004,
        1.0000000000000004,
        1.0000000000000004,
        1.0000000000000004,
        1.0000000000000004,
        1.0000000000000004,
        1.0000000000000004,
        1.0000000000000004,
        1.0000000000000004,
        1.0000000000000004,
        1.0000000000000004,
        1.0000000000000004,
        1.0000000000000004,
        1.0000000000000004,
        1.0000000000000004,
        1.0000000000000004,
        1.0000000000000004,
        1.0000000000000004,
        1.0000000000000004
    ],
    "tpm5_wd.npy": [
        0.0311398354876616,
        0.0828437132784959,
        0.0828437132784959,
        0.0828437132784959,
        0.0828437132784959,
        0.8854289071680379,
        0.9999999999999999,
        0.9999999999999999,
        0.9999999999999999,
        0.9999999999999999,
        0.9999999999999999,
        0.9999999999999999,
        0.9999999999999999,
        0.9999999999999999,
        0.9999999999999999,
        0.9999999999999999,
        0.9999999999999999,
        0.9999999999999999,
        0.9999999999999999,
        0.9999999999999999,
        0.9999999999999999,
        0.9999999999999999,
        0.9999999999999999,
        0.9999999999999999,
        0.9999999999999999
    ],
    "tpm6_we.npy": [
        0.0388007054673721,
        0.12110523221634328,
        0.12110523221634328,
        0.12110523221634328,
        0.12110523221634328,
        0.12110523221634328,
        0.8718400940623163,
        1.0000000000000004,
        1.0000000000000004,
        1.0000000000000004,
        1.0000000000000004,
        1.0000000000000004,
        1.0000000000000004,
        1.0000000000000004,
        1.0000000000000004,
        1.0000000000000004,
        1.0000000000000004,
        1.0000000000000004,
        1.0000000000000004,
        1.0000000000000004,
        1.0000000000000004,
        1.0000000000000004,
        1.0000000000000004,
        1.0000000000000004,
        1.0000000000000004,
        1.0000000000000004,
        1.0000000000000004,
        1.0000000000000004,
        1.0000000000000004,
        1.0000000000000004,
        1.0000000000000004,
        1.0000000000000004,
        1.0000000000000004,
        1.0000000000000004,
        1.0000000000000004,
        1.0000000000000004
    ],
    "tpm6_wd.npy": [
        0.0311398354876616,
        0.0828437132784959,
        0.0828437132784959,
        0.0828437132784959,
        0.0828437132784959,
        0.0828437132784959,
        0.8854289071680379,
        0.9999999999999999,
        0.9999999999999999,
        0.9999999999999999,
        0.9999999999999999,
        0.9999999999999999,
        0.9999999999999999,
        0.9999999999999999,
        0.9999999999999999,
        0.9999999999999999,
        0.9999999999999999,
        0.9999999999999999,
        0.9999999999999999,
        0.9999999999999999,
        0.9999999999999999,
        0.9999999999999999,
        0.9999999999999999,
        0.9999999999999999,
        0.9999999999999999,
        0.9999999999999999,
        0.9999999999999999,
        0.9999999999999999,
        0.9999999999999999,
        0.9999999999999999,
        0.9999999999999999,
        0.9999999999999999,
        0.9999999999999999,
        0.9999999999999999,
        0.9999999999999999,
        0.9999999999999999
    ]
}