{
    "tpm1_we.npy": [
        0.0388007054673721,
        0.12110523221634328,
        0.8718400940623163,
        1.0000000000000004
    ],
    "tpm1_wd.npy": [
        0.0311398354876616,
        0.0828437132784959,
        0.8854289071680379,
        0.9999999999999999
    ],
    "tpm2_we.npy": [
        0.0109452736318408,
        0.022388059701492498,
        0.06766169154228849,
        0.10646766169154219,
        0.1587064676616915,
        0.181094527363184,
        0.8318407960199,
        0.944776119402985,
        0.9999999999999999
    ],
    "tpm2_wd.npy": [
        0.00793650793650794,
        0.01190476190476191,
        0.02728174603174601,
        0.07093253968253971,
        0.1205357142857143,
        0.1344246031746032,
        0.8541666666666672,
        0.9593253968253972,
        1.0000000000000004
    ],
    "tpm3_we.npy": [
        0.00435413642960813,
        0.011611030478955009,
        0.021770682148040607,
        0.031930333817126205,
        0.0377358490566037,
        0.0522496371552975,
        0.0827285921625544,
        0.0943396226415094,
        0.1669085631349782,
        0.30333817126269924,
        0.32656023222060926,
        0.34397677793904174,
        0.7939042089985487,
        0.9288824383164007,
        0.984034833091437,
        1.0000000000000002
    ],
    "tpm3_wd.npy": [
        0.00291120815138282,
        0.00291120815138282,
        0.00873362445414847,
        0.011644832605531289,
        0.01746724890829694,
        0.027656477438136838,
        0.04221251819505094,
        0.04657933042212518,
        0.13973799126637557,
        0.25618631732168856,
        0.27510917030567694,
        0.2794759825327512,
        0.8355167394468702,
        0.9592430858806402,
        0.9912663755458513,
        0.9999999999999998
    ],
    "tpm4_we.npy": [
        0.00225225225225225,
        0.00225225225225225,
        0.00225225225225225,
        0.0045045045045045,
        0.01126126126126126,
        0.01801801801801802,
        0.027027027027027032,
        0.03603603603603604,
        0.04729729729729734,
        0.0540540540540541,
        0.0720720720720721,
        0.0923423423423424,
        0.1351351351351352,
        0.1621621621621622,
        0.1756756756756757,
        0.25,
        0.3288288288288288,
        0.3536036036036036,
        0.3738738738738739,
        0.3761261261261261,
        0.835585585585586,
        0.9504504504504511,
        0.9819819819819826,
        0.9954954954954961,
        1.0000000000000007
    ],
    "tpm4_wd.npy": [
        0.0,
        0.0,
        0.00227272727272727,
        0.00227272727272727,
        0.00681818181818182,
        0.01136363636363637,
        0.01136363636363637,
        0.01136363636363637,
        0.015909090909090918,
        0.015909090909090918,
        0.02272727272727274,
        0.038636363636363635,
        0.08181818181818185,
        0.08181818181818185,
        0.08409090909090912,
        0.1477272727272727,
        0.2590909090909087,
        0.2886363636363632,
        0.3068181818181814,
        0.3068181818181814,
        0.8295454545454544,
        0.9613636363636364,
        0.9863636363636364,
        1.0,
        1.0
    ],
    "tpm5_we.npy": [
        0.0078125,
        0.0078125,
        0.0078125,
        0.0078125,
        0.0078125,
        0.0078125,
        0.0078125,
        0.0078125,
        0.0234375,
        0.03125,
        0.03125,
        0.03125,
        0.03125,
        0.046875,
        0.046875,
        0.078125,
        0.0859375,
        0.1015625,
        0.1171875,
        0.1484375,
        0.171875,
        0.203125,
        0.203125,
        0.21875,
        0.2734375,
        0.3671875,
        0.421875,
        0.4765625,
        0.484375,
        0.484375,
        0.8203125,
        0.9296875,
        0.9609375,
        0.984375,
        0.984375,
        1.0
    ],
    "tpm5_wd.npy": [
        0.0,
        0.008,
        0.008,
        0.008,
        0.008,
        0.008,
        0.016,
        0.024,
        0.024,
        0.032,
        0.032,
        0.032,
        0.04,
        0.048,
        0.056,
        0.07200000000000001,
        0.07200000000000001,
        0.07200000000000001,
        0.10400000000000001,
        0.14400000000000002,
        0.16000000000000003,
        0.16800000000000004,
        0.16800000000000004,
        0.16800000000000004,
        0.24000000000000005,
        0.34400000000000003,
        0.376,
        0.376,
        0.392,
        0.392,
        0.8,
        0.904,
        0.992,
        0.992,
        0.992,
        1.0
    ],
    "tpm6_we.npy": [
        0.0,
        0.0,
        0.0,
        0.0,
        0.0,
        0.0,
        0.0,
        0.0,
        0.0,
        0.0,
        0.0,
        0.0,
        0.0,
        0.0,
        0.0,
        0.0,
        0.0,
        0.0277777777777778,
        0.0277777777777778,
        0.0277777777777778,
        0.0555555555555556,
        0.0555555555555556,
        0.0833333333333334,
        0.1111111111111112,
        0.1111111111111112,
        0.1111111111111112,
        0.1111111111111112,
        0.1111111111111112,
        0.1111111111111112,
        0.1666666666666668,
        0.1944444444444446,
        0.25000000000000017,
        0.25000000000000017,
        0.25000000000000017,
        0.25000000000000017,
        0.4444444444444442,
        0.472222222222222,
        0.4999999999999998,
        0.4999999999999998,
        0.5277777777777776,
        0.5555555555555554,
        0.5555555555555554,
        0.8888888888888884,
        0.9166666666666662,
        0.9722222222222218,
        0.9722222222222218,
        0.9999999999999996,
        0.9999999999999996,
        0.9999999999999996
    ],
    "tpm6_wd.npy": [
        0.0,
        0.0,
        0.0,
        0.0,
        0.0,
        0.0,
        0.0,
        0.0,
        0.0,
        0.0256410256410256,
        0.0256410256410256,
        0.0256410256410256,
        0.0256410256410256,
        0.0256410256410256,
        0.0256410256410256,
        0.0256410256410256,
        0.0256410256410256,
        0.0256410256410256,
        0.0256410256410256,
        0.0256410256410256,
        0.0256410256410256,
        0.0256410256410256,
        0.0512820512820512,
        0.0512820512820512,
        0.0512820512820512,
        0.07692307692307679,
        0.07692307692307679,
        0.07692307692307679,
        0.1025641025641024,
        0.1794871794871793,
        0.2307692307692306,
        0.25641025641025617,
        0.25641025641025617,
        0.25641025641025617,
        0.25641025641025617,
        0.35897435897435914,
        0.4615384615384621,
        0.4615384615384621,
        0.4871794871794877,
        0.5128205128205133,
        0.5128205128205133,
        0.5128205128205133,
        0.8461538461538463,
        0.8974358974358976,
        0.9487179487179489,
        0.9743589743589745,
        0.9743589743589745,
        1.0,
        1.0
    ]
}